iterationName,context_id,gameid,time,trialNum,repNum,targetImg,msg,timeFromRoundStart,rt,agent1stick,agent2stick,quizAttempts,button_pressed,response,stimulus_type,stimulus_contestant,trial-index,chosenStick,responses
prolificPilot2,,4816-a25af35f-4a82-4f9d-a32c-b1d94281d6e5,,,,,,,1499.615000007907,0.3,0.8,,,,,,,,
prolificPilot2,,1993-b4be830c-107f-4dba-a522-d0909f11dceb,,,,,,,3753,0.3,0.6,,,,,,,,
prolificPilot2,,1993-b4be830c-107f-4dba-a522-d0909f11dceb,,,,,,,6023,0.3,0.6,,0,,,,,,
prolificPilot2,,8058-30093c09-dcf0-4a2d-8efe-aba28131c1f4,,,,,,,3648.979999939911,0.1,0.6,,,,,,,,
prolificPilot2,,9946-8a8f5218-375c-4829-a355-f68ccc532ecc,,,,,,,4670.760000008158,0.1,0.8,,,,,,,,
prolificPilot2,,1993-b4be830c-107f-4dba-a522-d0909f11dceb,,,,,,,5910,0.3,0.6,,0,,,,,,
prolificPilot2,,4816-a25af35f-4a82-4f9d-a32c-b1d94281d6e5,,,,,,,16456.05500000238,0.3,0.8,,0,,,,,,
prolificPilot2,,9946-8a8f5218-375c-4829-a355-f68ccc532ecc,,,,,,,10168.78499998711,0.1,0.8,,0,,,,,,
prolificPilot2,,1993-b4be830c-107f-4dba-a522-d0909f11dceb,,,,,,,9925,0.3,0.6,,0,,,,,,
prolificPilot2,,4816-a25af35f-4a82-4f9d-a32c-b1d94281d6e5,,,,,,,7792.875000013737,0.3,0.8,,0,,,,,,
prolificPilot2,,9946-8a8f5218-375c-4829-a355-f68ccc532ecc,,,,,,,8640.134999994189,0.1,0.8,,0,,,,,,
prolificPilot2,,4816-a25af35f-4a82-4f9d-a32c-b1d94281d6e5,,,,,,,5709.110000010696,0.3,0.8,,0,,,,,,
prolificPilot2,,9946-8a8f5218-375c-4829-a355-f68ccc532ecc,,,,,,,14617.825000023004,0.1,0.8,,0,,,,,,
prolificPilot2,,8058-30093c09-dcf0-4a2d-8efe-aba28131c1f4,,,,,,,38982.12500009686,0.1,0.6,,0,,,,,,
prolificPilot2,,4816-a25af35f-4a82-4f9d-a32c-b1d94281d6e5,,,,,,,18915.950000009616,0.3,0.8,,0,,,,,,
prolificPilot2,,2855-da3a9159-e18d-4893-8d97-dad1ea02f8d1,,,,,,,41104.1699999987,0.2,0.6,,,,,,,,
prolificPilot2,,7733-ceda31ad-fa48-4c28-996c-ec996518526d,,,,,,,2562.980000002426,0.2,0.8,,,,,,,,
prolificPilot2,,2855-da3a9159-e18d-4893-8d97-dad1ea02f8d1,,,,,,,2596.589999997377,0.2,0.6,,0,,,,,,
prolificPilot2,,7733-ceda31ad-fa48-4c28-996c-ec996518526d,,,,,,,1683.6750000002212,0.2,0.8,,0,,,,,,
prolificPilot2,,8058-30093c09-dcf0-4a2d-8efe-aba28131c1f4,,,,,,,6548.595000058413,0.1,0.6,,0,,,,,,
prolificPilot2,,1993-b4be830c-107f-4dba-a522-d0909f11dceb,,,,,,,31658,0.3,0.6,,0,,,,,,
prolificPilot2,,7733-ceda31ad-fa48-4c28-996c-ec996518526d,,,,,,,5456.8700000018,0.2,0.8,,0,,,,,,
prolificPilot2,,2855-da3a9159-e18d-4893-8d97-dad1ea02f8d1,,,,,,,9104.514999999083,0.2,0.6,,0,,,,,,
prolificPilot2,,1993-b4be830c-107f-4dba-a522-d0909f11dceb,,,,,,,5827,0.3,0.6,,0,,,,,,
prolificPilot2,,7733-ceda31ad-fa48-4c28-996c-ec996518526d,,,,,,,5058.51999999868,0.2,0.8,,0,,,,,,
prolificPilot2,,4816-a25af35f-4a82-4f9d-a32c-b1d94281d6e5,,,,,,,15335.940000004484,0.3,0.8,,0,,,,,,
prolificPilot2,,8058-30093c09-dcf0-4a2d-8efe-aba28131c1f4,,,,,,,10594.559999997728,0.1,0.6,,0,,,,,,
prolificPilot2,,1091-300d44f0-3cfc-41d5-9bb9-9afa6bf751f2,,,,,,,1942.5749999999985,0.3,0.6,,,,,,,,
prolificPilot2,,9946-8a8f5218-375c-4829-a355-f68ccc532ecc,,,,,,,26977.705000026617,0.1,0.8,,0,,,,,,
prolificPilot2,,1993-b4be830c-107f-4dba-a522-d0909f11dceb,,,,,,,9351,0.3,0.6,,0,,,,,,
prolificPilot2,,4816-a25af35f-4a82-4f9d-a32c-b1d94281d6e5,,,,,,,12373.149999999441,0.3,0.8,,0,,,,,,
prolificPilot2,,2855-da3a9159-e18d-4893-8d97-dad1ea02f8d1,,,,,,,17963.99999999994,0.2,0.6,,0,,,,,,
prolificPilot2,,7733-ceda31ad-fa48-4c28-996c-ec996518526d,,,,,,,16876.970000004803,0.2,0.8,,0,,,,,,
prolificPilot2,,9946-8a8f5218-375c-4829-a355-f68ccc532ecc,,,,,,,14829.689999984112,0.1,0.8,,0,,,,,,
prolificPilot2,,7733-ceda31ad-fa48-4c28-996c-ec996518526d,,,,,,,8312.919999996666,0.2,0.8,,0,,,,,,
prolificPilot2,,1091-300d44f0-3cfc-41d5-9bb9-9afa6bf751f2,,,,,,,22022.290000000005,0.3,0.6,,0,,,,,,
prolificPilot2,,1993-b4be830c-107f-4dba-a522-d0909f11dceb,,,,,,,21969,0.3,0.6,,,51,practice,,,,
prolificPilot2,,4816-a25af35f-4a82-4f9d-a32c-b1d94281d6e5,,,,,,,16947.229999990668,0.3,0.8,,,50,practice,,,,
prolificPilot2,,8058-30093c09-dcf0-4a2d-8efe-aba28131c1f4,,,,,,,30271.504999953322,0.1,0.6,,0,,,,,,
prolificPilot2,,1993-b4be830c-107f-4dba-a522-d0909f11dceb,,,,,,,3499,0.3,0.6,,0,,,,,,
prolificPilot2,,4816-a25af35f-4a82-4f9d-a32c-b1d94281d6e5,,,,,,,3221.415000007255,0.3,0.8,,0,,,,,,
prolificPilot2,,7733-ceda31ad-fa48-4c28-996c-ec996518526d,,,,,,,7741.1600000050385,0.2,0.8,,0,,,,,,
prolificPilot2,,1091-300d44f0-3cfc-41d5-9bb9-9afa6bf751f2,,,,,,,6063.845000000005,0.3,0.6,,0,,,,,,
prolificPilot2,,7733-ceda31ad-fa48-4c28-996c-ec996518526d,,,,,,,6332.170000001497,0.2,0.8,,,50,practice,,,,
prolificPilot2,,8058-30093c09-dcf0-4a2d-8efe-aba28131c1f4,,,,,,,9295.760000008158,0.1,0.6,,0,,,,,,
prolificPilot2,,1091-300d44f0-3cfc-41d5-9bb9-9afa6bf751f2,,,,,,,7699.2750000000015,0.3,0.6,,0,,,,,,
prolificPilot2,,9946-8a8f5218-375c-4829-a355-f68ccc532ecc,,,,,,,19335.584999993443,0.1,0.8,,0,,,,,,
prolificPilot2,,7733-ceda31ad-fa48-4c28-996c-ec996518526d,,,,,,,3420.6450000056066,0.2,0.8,,0,,,,,,
prolificPilot2,,4816-a25af35f-4a82-4f9d-a32c-b1d94281d6e5,,,,,,,16409.834999998566,0.3,0.8,,,,,,,,"{""Q0"":""The contestants"",""Q1"":""A contestant chooses a stick to show you"",""Q2"":""2"",""Q3"":""Average"",""Q4"":""True""}"
prolificPilot2,,1993-b4be830c-107f-4dba-a522-d0909f11dceb,,,,,,,22029,0.3,0.6,,,,,,,,"{""Q0"":""The contestants"",""Q1"":""A contestant chooses a stick to show you"",""Q2"":""2"",""Q3"":""Average"",""Q4"":""True""}"
prolificPilot2,,8058-30093c09-dcf0-4a2d-8efe-aba28131c1f4,,,,,,,18471.56500001438,0.1,0.6,,0,,,,,,
prolificPilot2,,9239-43e2b7e0-5faa-453c-b7c7-98ea5c6b3375,,,,,,,2093.9000000000005,0.3,0.8,,,,,,,,
prolificPilot2,,9239-43e2b7e0-5faa-453c-b7c7-98ea5c6b3375,,,,,,,3441.6000000000004,0.3,0.8,,0,,,,,,
prolificPilot2,,4816-a25af35f-4a82-4f9d-a32c-b1d94281d6e5,,,,,,,14228.264999997918,0.3,0.8,,0,,,,,,
prolificPilot2,,2855-da3a9159-e18d-4893-8d97-dad1ea02f8d1,,,,,,,47992.269999998825,0.2,0.6,,0,,,,,,
prolificPilot2,,9946-8a8f5218-375c-4829-a355-f68ccc532ecc,,,,,,,22855.25999998208,0.1,0.8,,,50,practice,,,,
prolificPilot2,,1993-b4be830c-107f-4dba-a522-d0909f11dceb,,,,,,,12528,0.3,0.6,,0,,,,,,
prolificPilot2,,9239-43e2b7e0-5faa-453c-b7c7-98ea5c6b3375,,,,,,,4622.6,0.3,0.8,,0,,,,,,
prolificPilot2,,1091-300d44f0-3cfc-41d5-9bb9-9afa6bf751f2,,,,,,,30274.334999999992,0.3,0.6,,0,,,,,,
prolificPilot2,,9946-8a8f5218-375c-4829-a355-f68ccc532ecc,,,,,,,7396.774999971967,0.1,0.8,,0,,,,,,
prolificPilot2,,1993-b4be830c-107f-4dba-a522-d0909f11dceb,,,,,,,9822,0.3,0.6,,4,,speakerTrial,first,,9in,
prolificPilot2,,7733-ceda31ad-fa48-4c28-996c-ec996518526d,,,,,,,35035.46500000084,0.2,0.8,,,,,,,,"{""Q0"":""The contestants"",""Q1"":""A contestant chooses a stick to show you"",""Q2"":""2"",""Q3"":""Average"",""Q4"":""True""}"
prolificPilot2,,2855-da3a9159-e18d-4893-8d97-dad1ea02f8d1,,,,,,,14716.569999996864,0.2,0.6,,0,,,,,,
prolificPilot2,,4816-a25af35f-4a82-4f9d-a32c-b1d94281d6e5,,,,,,,15597.320000000764,0.3,0.8,,4,,speakerTrial,first,,9in,
prolificPilot2,,1091-300d44f0-3cfc-41d5-9bb9-9afa6bf751f2,,,,,,,8544.100000000006,0.3,0.6,,0,,,,,,
prolificPilot2,,9239-43e2b7e0-5faa-453c-b7c7-98ea5c6b3375,,,,,,,14168.699999999999,0.3,0.8,,0,,,,,,
prolificPilot2,,7733-ceda31ad-fa48-4c28-996c-ec996518526d,,,,,,,5869.370000000345,0.2,0.8,,0,,,,,,
prolificPilot2,,1993-b4be830c-107f-4dba-a522-d0909f11dceb,,,,,,,8451,0.3,0.6,,0,,speakerTrial,second,,2in,
prolificPilot2,,1091-300d44f0-3cfc-41d5-9bb9-9afa6bf751f2,,,,,,,8143.645000000019,0.3,0.6,,0,,,,,,
prolificPilot2,,4816-a25af35f-4a82-4f9d-a32c-b1d94281d6e5,,,,,,,8703.789999999572,0.3,0.8,,0,,speakerTrial,second,,2in,
prolificPilot2,,8058-30093c09-dcf0-4a2d-8efe-aba28131c1f4,,,,,,,34645.79999994021,0.1,0.6,,,80,practice,,,,
prolificPilot2,,1993-b4be830c-107f-4dba-a522-d0909f11dceb,,,,,,,8655,0.3,0.6,,2,,speakerTrial,third,,8in,
prolificPilot2,,9239-43e2b7e0-5faa-453c-b7c7-98ea5c6b3375,,,,,,,16238.099999999999,0.3,0.8,,0,,,,,,
prolificPilot2,,1993-b4be830c-107f-4dba-a522-d0909f11dceb,,,,,,,6627,0.3,0.6,,0,,speakerTrial,fourth,,4in,
prolificPilot2,,4816-a25af35f-4a82-4f9d-a32c-b1d94281d6e5,,,,,,,15144.305000008899,0.3,0.8,,2,,speakerTrial,third,,8in,
prolificPilot2,,1091-300d44f0-3cfc-41d5-9bb9-9afa6bf751f2,,,,,,,20000.985,0.3,0.6,,,50,practice,,,,
prolificPilot2,,4816-a25af35f-4a82-4f9d-a32c-b1d94281d6e5,,,,,,,7087.329999994836,0.3,0.8,,0,,speakerTrial,fourth,,4in,
prolificPilot2,,9946-8a8f5218-375c-4829-a355-f68ccc532ecc,,,,,,,40274.71000002697,0.1,0.8,,,,,,,,"{""Q0"":""Nobody"",""Q1"":""At random"",""Q2"":""2"",""Q3"":""Average"",""Q4"":""True""}"
prolificPilot2,,1091-300d44f0-3cfc-41d5-9bb9-9afa6bf751f2,,,,,,,5023.545000000013,0.3,0.6,,0,,,,,,
prolificPilot2,,2855-da3a9159-e18d-4893-8d97-dad1ea02f8d1,,,,,,,35542.70499999984,0.2,0.6,,0,,,,,,
prolificPilot2,,7733-ceda31ad-fa48-4c28-996c-ec996518526d,,,,,,,35480.62499999651,0.2,0.8,,0,,speakerTrial,first,,2in,
prolificPilot2,,8058-30093c09-dcf0-4a2d-8efe-aba28131c1f4,,,,,,,26634.97000001371,0.1,0.6,,0,,,,,,
prolificPilot2,,1993-b4be830c-107f-4dba-a522-d0909f11dceb,,,,,,,19977,0.3,0.6,,,,exit_survey,,,,"{""Q0"":""showing extremes values to the judge""}"
prolificPilot2,,1993-b4be830c-107f-4dba-a522-d0909f11dceb,,,,,,,4433,0.3,0.6,,0,,,,,,
prolificPilot2,,9239-43e2b7e0-5faa-453c-b7c7-98ea5c6b3375,,,,,,,28816.6,0.3,0.8,,0,,,,,,
prolificPilot2,,7733-ceda31ad-fa48-4c28-996c-ec996518526d,,,,,,,8441.124999997555,0.2,0.8,,3,,speakerTrial,second,,9in,
prolificPilot2,,1993-b4be830c-107f-4dba-a522-d0909f11dceb,,,,,,,,0.3,0.6,,,,,,,,
prolificPilot2,,4816-a25af35f-4a82-4f9d-a32c-b1d94281d6e5,,,,,,,23595.804999989923,0.3,0.8,,,,exit_survey,,,,"{""Q0"":""I chose either the shortest sticks or the longest sticks depending on which contestant I was playing as.""}"
prolificPilot2,,1993-b4be830c-107f-4dba-a522-d0909f11dceb,,,,,,,7315,0.3,0.6,,,41,isLong,first,,,
prolificPilot2,,4816-a25af35f-4a82-4f9d-a32c-b1d94281d6e5,,,,,,,5194.999999992433,0.3,0.8,,0,,,,,,
prolificPilot2,,9946-8a8f5218-375c-4829-a355-f68ccc532ecc,,,,,,,25694.889999984298,0.1,0.8,,,,,,,,"{""Q0"":""The contestants"",""Q1"":""A contestant chooses a stick to show you"",""Q2"":""2"",""Q3"":""Average"",""Q4"":""True""}"
prolificPilot2,,1993-b4be830c-107f-4dba-a522-d0909f11dceb,,,,,,,,0.3,0.6,,,,,,,,
prolificPilot2,,4816-a25af35f-4a82-4f9d-a32c-b1d94281d6e5,,,,,,,,0.3,0.8,,,,,,,,
prolificPilot2,,9239-43e2b7e0-5faa-453c-b7c7-98ea5c6b3375,,,,,,,19072.199999999997,0.3,0.8,,0,,,,,,
prolificPilot2,,1091-300d44f0-3cfc-41d5-9bb9-9afa6bf751f2,,,,,,,34758.485000000015,0.3,0.6,,,,,,,,"{""Q0"":""The contestants"",""Q1"":""You choose a stick to be revealed"",""Q2"":""2"",""Q3"":""Average"",""Q4"":""True""}"
prolificPilot2,,7733-ceda31ad-fa48-4c28-996c-ec996518526d,,,,,,,21389.92999999755,0.2,0.8,,0,,speakerTrial,third,,4in,
prolificPilot2,,1993-b4be830c-107f-4dba-a522-d0909f11dceb,,,,,,,8918,0.3,0.6,,,27,isLong,second,,,
prolificPilot2,,4816-a25af35f-4a82-4f9d-a32c-b1d94281d6e5,,,,,,,12921.320000008564,0.3,0.8,,,29,isLong,first,,,
prolificPilot2,,9946-8a8f5218-375c-4829-a355-f68ccc532ecc,,,,,,,14881.185000005644,0.1,0.8,,0,,,,,,
prolificPilot2,,4816-a25af35f-4a82-4f9d-a32c-b1d94281d6e5,,,,,,,,0.3,0.8,,,,,,,,
prolificPilot2,,1993-b4be830c-107f-4dba-a522-d0909f11dceb,,,,,,,13999,0.3,0.6,,,,exit_survey,,,,"{""Q0"":""expecting the participants to show me extreme values""}"
prolificPilot2,,4816-a25af35f-4a82-4f9d-a32c-b1d94281d6e5,,,,,,,7551.534999991418,0.3,0.8,,,29,isLong,second,,,
prolificPilot2,,1993-b4be830c-107f-4dba-a522-d0909f11dceb,,,,,,,7834,0.3,0.6,,0,,2afc,,,,
prolificPilot2,,1993-b4be830c-107f-4dba-a522-d0909f11dceb,,,,,,,1850,0.3,0.6,,0,,,,,,
prolificPilot2,,7733-ceda31ad-fa48-4c28-996c-ec996518526d,,,,,,,25158.98500000185,0.2,0.8,,1,,speakerTrial,fourth,,8in,
prolificPilot2,,9239-43e2b7e0-5faa-453c-b7c7-98ea5c6b3375,,,,,,,30366.600000000006,0.3,0.8,,,50,practice,,,,
prolificPilot2,,8058-30093c09-dcf0-4a2d-8efe-aba28131c1f4,,,,,,,58366.659999941476,0.1,0.6,,,,,,,,"{""Q0"":""The contestants"",""Q1"":""A contestant chooses a stick to show you"",""Q2"":""2"",""Q3"":""Shortest"",""Q4"":""True""}"
prolificPilot2,,9239-43e2b7e0-5faa-453c-b7c7-98ea5c6b3375,,,,,,,4854.800000000003,0.3,0.8,,0,,,,,,
prolificPilot2,,1993-b4be830c-107f-4dba-a522-d0909f11dceb,,,,,,,10433,0.3,0.6,,,40,meanSlider,,,,
prolificPilot2,,9946-8a8f5218-375c-4829-a355-f68ccc532ecc,,,,,,,29999.219999997877,0.1,0.8,,4,,speakerTrial,first,,9in,
prolificPilot2,,2855-da3a9159-e18d-4893-8d97-dad1ea02f8d1,,,,,,,75109.95000000185,0.2,0.6,,,62,practice,,,,
prolificPilot2,,1993-b4be830c-107f-4dba-a522-d0909f11dceb,,,,,,,5895,0.3,0.6,,4,,genModel,third,,,
prolificPilot2,,2855-da3a9159-e18d-4893-8d97-dad1ea02f8d1,,,,,,,8108.550000000832,0.2,0.6,,0,,,,,,
prolificPilot2,,9946-8a8f5218-375c-4829-a355-f68ccc532ecc,,,,,,,22551.404999976512,0.1,0.8,,0,,speakerTrial,second,,2in,
prolificPilot2,,8058-30093c09-dcf0-4a2d-8efe-aba28131c1f4,,,,,,,30401.76000003703,0.1,0.6,,,,,,,,"{""Q0"":""Nobody"",""Q1"":""At random"",""Q2"":""2"",""Q3"":""Shortest"",""Q4"":""True""}"
prolificPilot2,,9239-43e2b7e0-5faa-453c-b7c7-98ea5c6b3375,,,,,,,32880.7,0.3,0.8,,,,,,,,"{""Q0"":""The contestants"",""Q1"":""A contestant chooses a stick to show you"",""Q2"":""2"",""Q3"":""Average"",""Q4"":""True""}"
prolificPilot2,,1091-300d44f0-3cfc-41d5-9bb9-9afa6bf751f2,,,,,,,65274.67000000001,0.3,0.6,,,,,,,,"{""Q0"":""Nobody"",""Q1"":""You choose a stick to be revealed"",""Q2"":""2"",""Q3"":""Average"",""Q4"":""True""}"
prolificPilot2,,1993-b4be830c-107f-4dba-a522-d0909f11dceb,,,,,,,38877,0.3,0.6,,2,,genModel,fourth,,,
prolificPilot2,,9239-43e2b7e0-5faa-453c-b7c7-98ea5c6b3375,,,,,,,16084.800000000017,0.3,0.8,,0,,,,,,
prolificPilot2,,1993-b4be830c-107f-4dba-a522-d0909f11dceb,,,,,,,3752,0.3,0.6,,2,,genModel,fifth,,,
prolificPilot2,,8058-30093c09-dcf0-4a2d-8efe-aba28131c1f4,,,,,,,19019.779999973252,0.1,0.6,,,,,,,,"{""Q0"":""The contestants"",""Q1"":""At random"",""Q2"":""2"",""Q3"":""Shortest"",""Q4"":""True""}"
prolificPilot2,,1993-b4be830c-107f-4dba-a522-d0909f11dceb,,,,,,,8510,0.3,0.6,,,72,bias,first,,,
prolificPilot2,,1091-300d44f0-3cfc-41d5-9bb9-9afa6bf751f2,,,,,,,18625.655000000028,0.3,0.6,,,,,,,,"{""Q0"":""The contestants"",""Q1"":""You choose a stick to be revealed"",""Q2"":""2"",""Q3"":""Average"",""Q4"":""True""}"
prolificPilot2,,9239-43e2b7e0-5faa-453c-b7c7-98ea5c6b3375,,,,,,,15289.100000000006,0.3,0.8,,4,,speakerTrial,first,,9in,
prolificPilot2,,9946-8a8f5218-375c-4829-a355-f68ccc532ecc,,,,,,,36729.724999982864,0.1,0.8,,2,,speakerTrial,third,,8in,
prolificPilot2,,1993-b4be830c-107f-4dba-a522-d0909f11dceb,,,,,,,6196,0.3,0.6,,,12,bias,second,,,
prolificPilot2,,1993-b4be830c-107f-4dba-a522-d0909f11dceb,,,,,,,2101,0.3,0.6,,,,exit_survey,,,,"{""Q0"":""""}"
prolificPilot2,,1993-b4be830c-107f-4dba-a522-d0909f11dceb,,,,,,,1334,0.3,0.6,,,,,,,,
prolificPilot2,,9946-8a8f5218-375c-4829-a355-f68ccc532ecc,,,,,,,7985.754999972414,0.1,0.8,,0,,speakerTrial,fourth,,4in,
prolificPilot2,,9239-43e2b7e0-5faa-453c-b7c7-98ea5c6b3375,,,,,,,8358.399999999994,0.3,0.8,,0,,speakerTrial,second,,2in,
prolificPilot2,,4816-a25af35f-4a82-4f9d-a32c-b1d94281d6e5,,,,,,,86318.18499999645,0.3,0.8,,,,exit_survey,,,,"{""Q0"":""They probably chose either the longest or shortest stick and I doubted whether there would be any stick longer then 8 so I concluded the average of the sticks would be shorter than 5 inches.""}"
prolificPilot2,,2855-da3a9159-e18d-4893-8d97-dad1ea02f8d1,,,,,,,59751.29499999824,0.2,0.6,,,,,,,,"{""Q0"":""The contestants"",""Q1"":""A contestant chooses a stick to show you"",""Q2"":""2"",""Q3"":""Average"",""Q4"":""True""}"
prolificPilot2,,4816-a25af35f-4a82-4f9d-a32c-b1d94281d6e5,,,,,,,8420.394999993732,0.3,0.8,,0,,2afc,,,,
prolificPilot2,,4816-a25af35f-4a82-4f9d-a32c-b1d94281d6e5,,,,,,,1917.2749999997905,0.3,0.8,,0,,,,,,
prolificPilot2,,9239-43e2b7e0-5faa-453c-b7c7-98ea5c6b3375,,,,,,,16672,0.3,0.8,,2,,speakerTrial,third,,8in,
prolificPilot2,,4816-a25af35f-4a82-4f9d-a32c-b1d94281d6e5,,,,,,,10592.615000001388,0.3,0.8,,,48,meanSlider,,,,
prolificPilot2,,9239-43e2b7e0-5faa-453c-b7c7-98ea5c6b3375,,,,,,,7512.900000000023,0.3,0.8,,0,,speakerTrial,fourth,,4in,
prolificPilot2,,4816-a25af35f-4a82-4f9d-a32c-b1d94281d6e5,,,,,,,7903.944999998203,0.3,0.8,,4,,genModel,third,,,
prolificPilot2,,4816-a25af35f-4a82-4f9d-a32c-b1d94281d6e5,,,,,,,7594.629999992321,0.3,0.8,,5,,genModel,fourth,,,
prolificPilot2,,2855-da3a9159-e18d-4893-8d97-dad1ea02f8d1,,,,,,,35846.62000000029,0.2,0.6,,0,,,,,,
prolificPilot2,,4816-a25af35f-4a82-4f9d-a32c-b1d94281d6e5,,,,,,,6635.255000001052,0.3,0.8,,4,,genModel,fifth,,,
prolificPilot2,,7733-ceda31ad-fa48-4c28-996c-ec996518526d,,,,,,,124833.6049999998,0.2,0.8,,,,exit_survey,,,,"{""Q0"":""choosing the length that is farthest from the average stick length""}"
prolificPilot2,,9946-8a8f5218-375c-4829-a355-f68ccc532ecc,,,,,,,49646.84000000125,0.1,0.8,,,,exit_survey,,,,"{""Q0"":""the short ones for predicting shorter than five inches and longest for over 5 inches""}"
prolificPilot2,,7733-ceda31ad-fa48-4c28-996c-ec996518526d,,,,,,,5032.8000000008615,0.2,0.8,,0,,,,,,
prolificPilot2,,7733-ceda31ad-fa48-4c28-996c-ec996518526d,,,,,,,,0.2,0.8,,,,,,,,
prolificPilot2,,4816-a25af35f-4a82-4f9d-a32c-b1d94281d6e5,,,,,,,11705.799999996088,0.3,0.8,,,100,bias,first,,,
prolificPilot2,,9946-8a8f5218-375c-4829-a355-f68ccc532ecc,,,,,,,7756.290000048466,0.1,0.8,,0,,,,,,
prolificPilot2,,9239-43e2b7e0-5faa-453c-b7c7-98ea5c6b3375,,,,,,,35711.899999999994,0.3,0.8,,,,exit_survey,,,,"{""Q0"":""showing the lowest or highest as the case may be to influence the judge""}"
prolificPilot2,,9946-8a8f5218-375c-4829-a355-f68ccc532ecc,,,,,,,,0.1,0.8,,,,,,,,
prolificPilot2,,4816-a25af35f-4a82-4f9d-a32c-b1d94281d6e5,,,,,,,5674.70499999763,0.3,0.8,,,0,bias,second,,,
prolificPilot2,,4816-a25af35f-4a82-4f9d-a32c-b1d94281d6e5,,,,,,,1735.2499999979045,0.3,0.8,,,,exit_survey,,,,"{""Q0"":""""}"
prolificPilot2,,4816-a25af35f-4a82-4f9d-a32c-b1d94281d6e5,,,,,,,1232.1850000007544,0.3,0.8,,,,,,,,
prolificPilot2,,9239-43e2b7e0-5faa-453c-b7c7-98ea5c6b3375,,,,,,,5262.099999999977,0.3,0.8,,0,,,,,,
prolificPilot2,,9239-43e2b7e0-5faa-453c-b7c7-98ea5c6b3375,,,,,,,,0.3,0.8,,,,,,,,
prolificPilot2,,2855-da3a9159-e18d-4893-8d97-dad1ea02f8d1,,,,,,,35062.034999998985,0.2,0.6,,4,,speakerTrial,first,,9in,
prolificPilot2,,9946-8a8f5218-375c-4829-a355-f68ccc532ecc,,,,,,,23863.050000043586,0.1,0.8,,,100,isLong,first,,,
prolificPilot2,,9239-43e2b7e0-5faa-453c-b7c7-98ea5c6b3375,,,,,,,18144.600000000035,0.3,0.8,,,70,isLong,first,,,
prolificPilot2,,9946-8a8f5218-375c-4829-a355-f68ccc532ecc,,,,,,,,0.1,0.8,,,,,,,,
prolificPilot2,,9239-43e2b7e0-5faa-453c-b7c7-98ea5c6b3375,,,,,,,,0.3,0.8,,,,,,,,
prolificPilot2,,2855-da3a9159-e18d-4893-8d97-dad1ea02f8d1,,,,,,,21132.78999999963,0.2,0.6,,0,,speakerTrial,second,,2in,
prolificPilot2,,9946-8a8f5218-375c-4829-a355-f68ccc532ecc,,,,,,,6396.85499999905,0.1,0.8,,,0,isLong,second,,,
prolificPilot2,,9239-43e2b7e0-5faa-453c-b7c7-98ea5c6b3375,,,,,,,16426.5,0.3,0.8,,,70,isLong,second,,,
prolificPilot2,,2855-da3a9159-e18d-4893-8d97-dad1ea02f8d1,,,,,,,13051.964999998745,0.2,0.6,,2,,speakerTrial,third,,8in,
prolificPilot2,,9946-8a8f5218-375c-4829-a355-f68ccc532ecc,,,,,,,11977.034999988973,0.1,0.8,,,,exit_survey,,,,"{""Q0"":""the short ones for predicting shorter than five inches and longest for over 5 inches""}"
prolificPilot2,,2855-da3a9159-e18d-4893-8d97-dad1ea02f8d1,,,,,,,6267.699999996694,0.2,0.6,,0,,speakerTrial,fourth,,4in,
prolificPilot2,,9946-8a8f5218-375c-4829-a355-f68ccc532ecc,,,,,,,9437.135000014678,0.1,0.8,,1,,2afc,,,,
prolificPilot2,,9946-8a8f5218-375c-4829-a355-f68ccc532ecc,,,,,,,3762.445000000298,0.1,0.8,,0,,,,,,
prolificPilot2,,5104-5e3fd073-b60f-4936-a2b5-1c2bb70646c2,,,,,,,445474.4200000132,0.4,0.8,,,,,,,,
prolificPilot2,,6195-a00e875b-cceb-44ce-bfa6-78df35e5efc1,,,,,,,13757.949999999255,0.1,0.8,,,,,,,,
prolificPilot2,,5104-5e3fd073-b60f-4936-a2b5-1c2bb70646c2,,,,,,,2107.6199999952223,0.4,0.8,,0,,,,,,
prolificPilot2,,9946-8a8f5218-375c-4829-a355-f68ccc532ecc,,,,,,,12249.63499995647,0.1,0.8,,,65,meanSlider,,,,
prolificPilot2,,6195-a00e875b-cceb-44ce-bfa6-78df35e5efc1,,,,,,,1757.7199999941513,0.1,0.8,,0,,,,,,
prolificPilot2,,5104-5e3fd073-b60f-4936-a2b5-1c2bb70646c2,,,,,,,4683.8149999966845,0.4,0.8,,0,,,,,,
prolificPilot2,,6195-a00e875b-cceb-44ce-bfa6-78df35e5efc1,,,,,,,3941.355000017211,0.1,0.8,,0,,,,,,
prolificPilot2,,9946-8a8f5218-375c-4829-a355-f68ccc532ecc,,,,,,,10102.764999959618,0.1,0.8,,3,,genModel,third,,,
prolificPilot2,,6195-a00e875b-cceb-44ce-bfa6-78df35e5efc1,,,,,,,6421.794999972917,0.1,0.8,,0,,,,,,
prolificPilot2,,9239-43e2b7e0-5faa-453c-b7c7-98ea5c6b3375,,,,,,,38809.29999999999,0.3,0.8,,,,exit_survey,,,,"{""Q0"":""the shortest stick was three inches so i think the average would be higher""}"
prolificPilot2,,6195-a00e875b-cceb-44ce-bfa6-78df35e5efc1,,,,,,,10038.169999956153,0.1,0.8,,0,,,,,,
prolificPilot2,,9946-8a8f5218-375c-4829-a355-f68ccc532ecc,,,,,,,12006.639999977779,0.1,0.8,,7,,genModel,fourth,,,
prolificPilot2,,9239-43e2b7e0-5faa-453c-b7c7-98ea5c6b3375,,,,,,,10311.400000000023,0.3,0.8,,1,,2afc,,,,
prolificPilot2,,9239-43e2b7e0-5faa-453c-b7c7-98ea5c6b3375,,,,,,,2873.5,0.3,0.8,,0,,,,,,
prolificPilot2,,9946-8a8f5218-375c-4829-a355-f68ccc532ecc,,,,,,,5562.344999983907,0.1,0.8,,6,,genModel,fifth,,,
prolificPilot2,,6195-a00e875b-cceb-44ce-bfa6-78df35e5efc1,,,,,,,5918.299999902956,0.1,0.8,,0,,,,,,
prolificPilot2,,6195-a00e875b-cceb-44ce-bfa6-78df35e5efc1,,,,,,,5950.654999935068,0.1,0.8,,0,,,,,,
prolificPilot2,,9239-43e2b7e0-5faa-453c-b7c7-98ea5c6b3375,,,,,,,11895.399999999965,0.3,0.8,,,56,meanSlider,,,,
prolificPilot2,,6195-a00e875b-cceb-44ce-bfa6-78df35e5efc1,,,,,,,5028.595000039786,0.1,0.8,,,50,practice,,,,
prolificPilot2,,7733-ceda31ad-fa48-4c28-996c-ec996518526d,,,,,,,121083.14999999857,0.2,0.8,,,29,isLong,first,,,
prolificPilot2,,6195-a00e875b-cceb-44ce-bfa6-78df35e5efc1,,,,,,,2038.315000012517,0.1,0.8,,0,,,,,,
prolificPilot2,,9946-8a8f5218-375c-4829-a355-f68ccc532ecc,,,,,,,15099.479999975301,0.1,0.8,,,100,bias,first,,,
prolificPilot2,,9239-43e2b7e0-5faa-453c-b7c7-98ea5c6b3375,,,,,,,6231,0.3,0.8,,3,,genModel,third,,,
prolificPilot2,,7733-ceda31ad-fa48-4c28-996c-ec996518526d,,,,,,,,0.2,0.8,,,,,,,,
prolificPilot2,,9239-43e2b7e0-5faa-453c-b7c7-98ea5c6b3375,,,,,,,4622.799999999988,0.3,0.8,,6,,genModel,fourth,,,
prolificPilot2,,9946-8a8f5218-375c-4829-a355-f68ccc532ecc,,,,,,,6396.695000003092,0.1,0.8,,,0,bias,second,,,
prolificPilot2,,9239-43e2b7e0-5faa-453c-b7c7-98ea5c6b3375,,,,,,,8151.900000000023,0.3,0.8,,4,,genModel,fifth,,,
prolificPilot2,,6195-a00e875b-cceb-44ce-bfa6-78df35e5efc1,,,,,,,22876.494999974966,0.1,0.8,,,,,,,,"{""Q0"":""The contestants"",""Q1"":""A contestant chooses a stick to show you"",""Q2"":""2"",""Q3"":""Tallest"",""Q4"":""True""}"
prolificPilot2,,5104-5e3fd073-b60f-4936-a2b5-1c2bb70646c2,,,,,,,62882.24499998614,0.4,0.8,,0,,,,,,
prolificPilot2,,9239-43e2b7e0-5faa-453c-b7c7-98ea5c6b3375,,,,,,,13438.300000000047,0.3,0.8,,,97,bias,first,,,
prolificPilot2,,7733-ceda31ad-fa48-4c28-996c-ec996518526d,,,,,,,26913.36500000034,0.2,0.8,,,29,isLong,second,,,
prolificPilot2,,9946-8a8f5218-375c-4829-a355-f68ccc532ecc,,,,,,,26280.74000001652,0.1,0.8,,,,exit_survey,,,,"{""Q0"":""lead by the example given at the start""}"
prolificPilot2,,5104-5e3fd073-b60f-4936-a2b5-1c2bb70646c2,,,,,,,8936.799999995856,0.4,0.8,,0,,,,,,
prolificPilot2,,9239-43e2b7e0-5faa-453c-b7c7-98ea5c6b3375,,,,,,,6413.700000000012,0.3,0.8,,,1,bias,second,,,
prolificPilot2,,9946-8a8f5218-375c-4829-a355-f68ccc532ecc,,,,,,,2531.825000012759,0.1,0.8,,,,,,,,
prolificPilot2,,5104-5e3fd073-b60f-4936-a2b5-1c2bb70646c2,,,,,,,4038.750000006985,0.4,0.8,,0,,,,,,
prolificPilot2,,2855-da3a9159-e18d-4893-8d97-dad1ea02f8d1,,,,,,,100472.52500000095,0.2,0.6,,,,exit_survey,,,,"{""Q0"":""showing the shortest (the red one) or the longest (the blue one) stick""}"
prolificPilot2,,5104-5e3fd073-b60f-4936-a2b5-1c2bb70646c2,,,,,,,5708.870000002207,0.4,0.8,,0,,,,,,
prolificPilot2,,9239-43e2b7e0-5faa-453c-b7c7-98ea5c6b3375,,,,,,,12856.299999999988,0.3,0.8,,,,exit_survey,,,,"{""Q0"":""no futher comments. Thank you""}"
prolificPilot2,,2855-da3a9159-e18d-4893-8d97-dad1ea02f8d1,,,,,,,8561.915000002016,0.2,0.6,,0,,,,,,
prolificPilot2,,6195-a00e875b-cceb-44ce-bfa6-78df35e5efc1,,,,,,,25901.720000081696,0.1,0.8,,,,,,,,"{""Q0"":""The contestants"",""Q1"":""A contestant chooses a stick to show you"",""Q2"":""2"",""Q3"":""Tallest"",""Q4"":""True""}"
prolificPilot2,,5104-5e3fd073-b60f-4936-a2b5-1c2bb70646c2,,,,,,,6184.074999997392,0.4,0.8,,,50,practice,,,,
prolificPilot2,,2855-da3a9159-e18d-4893-8d97-dad1ea02f8d1,,,,,,,,0.2,0.6,,,,,,,,
prolificPilot2,,9239-43e2b7e0-5faa-453c-b7c7-98ea5c6b3375,,,,,,,3207.4000000000233,0.3,0.8,,,,,,,,
prolificPilot2,,5104-5e3fd073-b60f-4936-a2b5-1c2bb70646c2,,,,,,,2378.659999987576,0.4,0.8,,0,,,,,,
prolificPilot2,,5104-5e3fd073-b60f-4936-a2b5-1c2bb70646c2,,,,,,,13792.264999996405,0.4,0.8,,,,,,,,"{""Q0"":""The contestants"",""Q1"":""A contestant chooses a stick to show you"",""Q2"":""2"",""Q3"":""Average"",""Q4"":""True""}"
prolificPilot2,,6195-a00e875b-cceb-44ce-bfa6-78df35e5efc1,,,,,,,14454.870000015944,0.1,0.8,,,,,,,,"{""Q0"":""The contestants"",""Q1"":""A contestant chooses a stick to show you"",""Q2"":""2"",""Q3"":""Tallest"",""Q4"":""False""}"
prolificPilot2,,5104-5e3fd073-b60f-4936-a2b5-1c2bb70646c2,,,,,,,5580.025000002934,0.4,0.8,,0,,,,,,
prolificPilot2,,2855-da3a9159-e18d-4893-8d97-dad1ea02f8d1,,,,,,,21783.269999999902,0.2,0.6,,,22,isLong,first,,,
prolificPilot2,,2855-da3a9159-e18d-4893-8d97-dad1ea02f8d1,,,,,,,,0.2,0.6,,,,,,,,
prolificPilot2,,5104-5e3fd073-b60f-4936-a2b5-1c2bb70646c2,,,,,,,7982.469999988098,0.4,0.8,,4,,speakerTrial,first,,9in,
prolificPilot2,,5104-5e3fd073-b60f-4936-a2b5-1c2bb70646c2,,,,,,,7180.595000012545,0.4,0.8,,0,,speakerTrial,second,,2in,
prolificPilot2,,5104-5e3fd073-b60f-4936-a2b5-1c2bb70646c2,,,,,,,7386.349999986123,0.4,0.8,,1,,speakerTrial,third,,7in,
prolificPilot2,,5104-5e3fd073-b60f-4936-a2b5-1c2bb70646c2,,,,,,,6088.859999988927,0.4,0.8,,0,,speakerTrial,fourth,,4in,
prolificPilot2,,2855-da3a9159-e18d-4893-8d97-dad1ea02f8d1,,,,,,,30892.295000001555,0.2,0.6,,,24,isLong,second,,,
prolificPilot2,,5104-5e3fd073-b60f-4936-a2b5-1c2bb70646c2,,,,,,,20067.3699999752,0.4,0.8,,,,exit_survey,,,,"{""Q0"":""the biggest deviation from the true average""}"
prolificPilot2,,5104-5e3fd073-b60f-4936-a2b5-1c2bb70646c2,,,,,,,4566.454999992857,0.4,0.8,,0,,,,,,
prolificPilot2,,7733-ceda31ad-fa48-4c28-996c-ec996518526d,,,,,,,97316.30500000028,0.2,0.8,,,,exit_survey,,,,"{""Q0"":""I imagined what i would have chose if i were in that situation""}"
prolificPilot2,,5104-5e3fd073-b60f-4936-a2b5-1c2bb70646c2,,,,,,,,0.4,0.8,,,,,,,,
prolificPilot2,,5104-5e3fd073-b60f-4936-a2b5-1c2bb70646c2,,,,,,,8028.655000001891,0.4,0.8,,,55,isLong,first,,,
prolificPilot2,,5104-5e3fd073-b60f-4936-a2b5-1c2bb70646c2,,,,,,,,0.4,0.8,,,,,,,,
prolificPilot2,,5104-5e3fd073-b60f-4936-a2b5-1c2bb70646c2,,,,,,,5851.160000020172,0.4,0.8,,,53,isLong,second,,,
prolificPilot2,,5104-5e3fd073-b60f-4936-a2b5-1c2bb70646c2,,,,,,,15137.775000010151,0.4,0.8,,,,exit_survey,,,,"{""Q0"":""I was influenced by the previous set""}"
prolificPilot2,,5104-5e3fd073-b60f-4936-a2b5-1c2bb70646c2,,,,,,,6304.579999996349,0.4,0.8,,1,,2afc,,,,
prolificPilot2,,5104-5e3fd073-b60f-4936-a2b5-1c2bb70646c2,,,,,,,1231.0200000065379,0.4,0.8,,0,,,,,,
prolificPilot2,,5104-5e3fd073-b60f-4936-a2b5-1c2bb70646c2,,,,,,,6040.680000005523,0.4,0.8,,,53,meanSlider,,,,
prolificPilot2,,5104-5e3fd073-b60f-4936-a2b5-1c2bb70646c2,,,,,,,5126.699999993434,0.4,0.8,,4,,genModel,third,,,
prolificPilot2,,5104-5e3fd073-b60f-4936-a2b5-1c2bb70646c2,,,,,,,4068.645000021206,0.4,0.8,,6,,genModel,fourth,,,
prolificPilot2,,7733-ceda31ad-fa48-4c28-996c-ec996518526d,,,,,,,60316.58000000601,0.2,0.8,,1,,2afc,,,,
prolificPilot2,,5104-5e3fd073-b60f-4936-a2b5-1c2bb70646c2,,,,,,,4304.754999990109,0.4,0.8,,5,,genModel,fifth,,,
prolificPilot2,,7733-ceda31ad-fa48-4c28-996c-ec996518526d,,,,,,,2970.444999999134,0.2,0.8,,0,,,,,,
prolificPilot2,,5104-5e3fd073-b60f-4936-a2b5-1c2bb70646c2,,,,,,,6014.415000012377,0.4,0.8,,,83,bias,first,,,
prolificPilot2,,7733-ceda31ad-fa48-4c28-996c-ec996518526d,,,,,,,7144.254999999306,0.2,0.8,,,64,meanSlider,,,,
prolificPilot2,,5104-5e3fd073-b60f-4936-a2b5-1c2bb70646c2,,,,,,,5854.535000020405,0.4,0.8,,,26,bias,second,,,
prolificPilot2,,5104-5e3fd073-b60f-4936-a2b5-1c2bb70646c2,,,,,,,3412.2499999939464,0.4,0.8,,,,exit_survey,,,,"{""Q0"":""thanks""}"
prolificPilot2,,5104-5e3fd073-b60f-4936-a2b5-1c2bb70646c2,,,,,,,1212.950000015553,0.4,0.8,,,,,,,,
prolificPilot2,,7733-ceda31ad-fa48-4c28-996c-ec996518526d,,,,,,,67610.02000000002,0.2,0.8,,6,,genModel,third,,,
prolificPilot2,,7733-ceda31ad-fa48-4c28-996c-ec996518526d,,,,,,,3646.1799999959767,0.2,0.8,,6,,genModel,fourth,,,
prolificPilot2,,2855-da3a9159-e18d-4893-8d97-dad1ea02f8d1,,,,,,,162674.25,0.2,0.6,,,,exit_survey,,,,"{""Q0"":""the arithmetic mean of 2 and 6 is 3, so considering that blue chosed the longest and red the shortest, the average is below 5""}"
prolificPilot2,,7733-ceda31ad-fa48-4c28-996c-ec996518526d,,,,,,,5219.2300000025425,0.2,0.8,,5,,genModel,fifth,,,
prolificPilot2,,2855-da3a9159-e18d-4893-8d97-dad1ea02f8d1,,,,,,,10212.589999999269,0.2,0.6,,0,,2afc,,,,
prolificPilot2,,2855-da3a9159-e18d-4893-8d97-dad1ea02f8d1,,,,,,,2956.7099999985658,0.2,0.6,,0,,,,,,
prolificPilot2,,7733-ceda31ad-fa48-4c28-996c-ec996518526d,,,,,,,13761.419999995269,0.2,0.8,,,23,bias,first,,,
prolificPilot2,,7733-ceda31ad-fa48-4c28-996c-ec996518526d,,,,,,,6151.734999999404,0.2,0.8,,,62,bias,second,,,
prolificPilot2,,7733-ceda31ad-fa48-4c28-996c-ec996518526d,,,,,,,2583.6750000016764,0.2,0.8,,,,exit_survey,,,,"{""Q0"":""""}"
prolificPilot2,,7733-ceda31ad-fa48-4c28-996c-ec996518526d,,,,,,,1285.9849999949802,0.2,0.8,,,,,,,,
prolificPilot2,,2855-da3a9159-e18d-4893-8d97-dad1ea02f8d1,,,,,,,16395.375000000116,0.2,0.6,,,29,meanSlider,,,,
prolificPilot2,,2855-da3a9159-e18d-4893-8d97-dad1ea02f8d1,,,,,,,16796.659999999916,0.2,0.6,,4,,genModel,third,,,
prolificPilot2,,2855-da3a9159-e18d-4893-8d97-dad1ea02f8d1,,,,,,,6275.1399999979185,0.2,0.6,,3,,genModel,fourth,,,
prolificPilot2,,2855-da3a9159-e18d-4893-8d97-dad1ea02f8d1,,,,,,,4490.9249999983,0.2,0.6,,1,,genModel,fifth,,,
prolificPilot2,,2855-da3a9159-e18d-4893-8d97-dad1ea02f8d1,,,,,,,19523.38500000036,0.2,0.6,,,100,bias,first,,,
prolificPilot2,,2855-da3a9159-e18d-4893-8d97-dad1ea02f8d1,,,,,,,5954.495000001742,0.2,0.6,,,0,bias,second,,,
prolificPilot2,,2855-da3a9159-e18d-4893-8d97-dad1ea02f8d1,,,,,,,4588.1250000020955,0.2,0.6,,,,exit_survey,,,,"{""Q0"":""""}"
prolificPilot2,,2855-da3a9159-e18d-4893-8d97-dad1ea02f8d1,,,,,,,3196.5149999996647,0.2,0.6,,,,,,,,
